time,rank,size,what
0.4236619473,0,1,matrix-initialization
0.1316628456,0,1,mpi-comm
2.4022324085,0,1,computation
0.4235911369,0,1,matrix-initialization
0.1299531460,0,1,mpi-comm
2.4008197784,0,1,computation
0.4237542152,0,1,matrix-initialization
0.1328430176,0,1,mpi-comm
2.4008090496,0,1,computation
