time,rank,size,what
0.0134119987,1,2,matrix-initialization
0.1621720791,1,2,mpi-comm
0.0092248917,1,2,computation
0.0029950142,0,2,matrix-initialization
0.1802423000,0,2,mpi-comm
0.0092835426,0,2,computation
0.0027561188,1,2,matrix-initialization
0.1416847706,1,2,mpi-comm
0.0093131065,1,2,computation
0.0028419495,0,2,matrix-initialization
0.1296472549,0,2,mpi-comm
0.0091648102,0,2,computation
