time,rank,size,what
0.0013771057,1,4,matrix-initialization
0.2681837082,1,4,mpi-comm
0.0048758984,1,4,computation
0.0013949871,2,4,matrix-initialization
0.2484388351,2,4,mpi-comm
0.0046372414,2,4,computation
0.0014009476,3,4,matrix-initialization
0.2660908699,3,4,mpi-comm
0.0046467781,3,4,computation
0.0013890266,0,4,matrix-initialization
0.2390325069,0,4,mpi-comm
0.0046715736,0,4,computation
