time,rank,size,what
0.0014019012,1,4,matrix-initialization
0.3073184490,1,4,mpi-comm
0.0046906471,1,4,computation
0.0014050007,0,4,matrix-initialization
0.3087248802,0,4,mpi-comm
0.0047521591,0,4,computation
0.0014250278,3,4,matrix-initialization
0.2907152176,3,4,mpi-comm
0.0048279762,3,4,computation
0.0014128685,2,4,matrix-initialization
0.2866430283,2,4,mpi-comm
0.0047488213,2,4,computation
